<?xml version="1.0" encoding="utf-8" ?>
<dwsync>
<file name="btnWebHover.png" server="staging.flycommunications.com//amexpub_dev/" local="130026824020000000" remote="130028479200000000" />
<file name="imgMissionStatement.png" server="staging.flycommunications.com//amexpub_dev/" local="130017058980000000" remote="130028479200000000" />
<file name="bckgrndT+LHomeIntroText.png" server="staging.flycommunications.com//amexpub_dev/" local="130017061390000000" remote="130028479200000000" />
<file name="imgTravelAndLeisureLogo.png" server="staging.flycommunications.com//amexpub_dev/" local="130017058970000000" remote="130028479200000000" />
<file name="btnWeb.png" server="staging.flycommunications.com//amexpub_dev/" local="130028283400000000" remote="130028479200000000" />
<file name="btnTablet.png" server="staging.flycommunications.com//amexpub_dev/" local="130028287420000000" remote="130028479200000000" />
<file name="hdrT+LMissionStatement.png" server="staging.flycommunications.com//amexpub_dev/" local="130017058980000000" remote="130028479200000000" />
<file name="bckgrndT+LHome.jpg" server="staging.flycommunications.com//amexpub_dev/" local="130017060310000000" remote="130028479200000000" />
<file name="btnPrint.png" server="staging.flycommunications.com//amexpub_dev/" local="130028284010000000" remote="130028479200000000" />
<file name="btnT+LMediaKit.png" server="staging.flycommunications.com//amexpub_dev/" local="130017071430000000" remote="130028479200000000" />
<file name="btnCirculation.png" server="staging.flycommunications.com//amexpub_dev/" local="130021595440000000" remote="130028479200000000" />
<file name="btnRates.png" server="staging.flycommunications.com//amexpub_dev/" local="130021595710000000" remote="130028479200000000" />
<file name="btnAudienceMRI.png" server="staging.flycommunications.com//amexpub_dev/" local="130021595540000000" remote="130028479200000000" />
<file name="btnContacts.png" server="staging.flycommunications.com//amexpub_dev/" local="130021596070000000" remote="130028479200000000" />
<file name="hdrPrintSubNav.png" server="staging.flycommunications.com//amexpub_dev/" local="130017209290000000" remote="130028479200000000" />
<file name="imgPrintLanding.png" server="staging.flycommunications.com//amexpub_dev/" local="130017229130000000" remote="130028479200000000" />
<file name="btnWebLeftNav.png" server="staging.flycommunications.com//amexpub_dev/" local="130027569330000000" remote="130028479200000000" />
<file name="btnTabletLeftNav.png" server="staging.flycommunications.com//amexpub_dev/" local="130027565410000000" remote="130028479200000000" />
<file name="hdrAudienceMRI.png" server="staging.flycommunications.com//amexpub_dev/" local="130017268900000000" remote="130028479200000000" />
<file name="hdrAudienceMRR.png" server="staging.flycommunications.com//amexpub_dev/" local="130020594000000000" remote="130028479200000000" />
<file name="hdrPrintRates.png" server="staging.flycommunications.com//amexpub_dev/" local="130020613760000000" remote="130028479200000000" />
<file name="hdrPublicationDates.png" server="staging.flycommunications.com//amexpub_dev/" local="130020617890000000" remote="130028479200000000" />
<file name="hdrPrintProduction.png" server="staging.flycommunications.com//amexpub_dev/" local="130020621630000000" remote="130028479200000000" />
<file name="hdrInternationalEditions.png" server="staging.flycommunications.com//amexpub_dev/" local="130020625050000000" remote="130028479200000000" />
<file name="hdrPrintContacts.png" server="staging.flycommunications.com//amexpub_dev/" local="130020627550000000" remote="130028479200000000" />
<file name="imgPrintRateBase.png" server="staging.flycommunications.com//amexpub_dev/" local="130020642240000000" remote="130028479200000000" />
<file name="btnAudienceMMR.png" server="staging.flycommunications.com//amexpub_dev/" local="130021595630000000" remote="130028479200000000" />
<file name="btnProductionSpecs.png" server="staging.flycommunications.com//amexpub_dev/" local="130021595870000000" remote="130028479200000000" />
<file name="btnPubClosingDates.png" server="staging.flycommunications.com//amexpub_dev/" local="130021595790000000" remote="130028479200000000" />
<file name="btnInternationalEditions.png" server="staging.flycommunications.com//amexpub_dev/" local="130021595980000000" remote="130028479200000000" />
<file name="shim.gif" server="staging.flycommunications.com//amexpub_dev/" local="129767335410000000" remote="130028479200000000" />
<file name="imgTLPrintAsia.png" server="staging.flycommunications.com//amexpub_dev/" local="130022498390000000" remote="130028479200000000" />
<file name="imgTLPrintTurkey.png" server="staging.flycommunications.com//amexpub_dev/" local="130022498400000000" remote="130028479200000000" />
<file name="hdrPrintInternationalInfo.png" server="staging.flycommunications.com//amexpub_dev/" local="130023253250000000" remote="130028479200000000" />
<file name="imgTLPrintChina.png" server="staging.flycommunications.com//amexpub_dev/" local="130022498390000000" remote="130028479200000000" />
<file name="imgTLPrintUsa.png" server="staging.flycommunications.com//amexpub_dev/" local="130022498400000000" remote="130028479200000000" />
<file name="imgTLPrintInternationalLargeCover.png" server="staging.flycommunications.com//amexpub_dev/" local="130022402210000000" remote="130028479200000000" />
<file name="imgTLPrintMexico.png" server="staging.flycommunications.com//amexpub_dev/" local="130022498390000000" remote="130028479200000000" />
<file name="imgTLPrintIndia.png" server="staging.flycommunications.com//amexpub_dev/" local="130022498390000000" remote="130028479200000000" />
<file name="btnAudience.png" server="staging.flycommunications.com//amexpub_dev/" local="130022242340000000" remote="130028479200000000" />
<file name="btnsAdSpecs.png" server="staging.flycommunications.com//amexpub_dev/" local="130022243200000000" remote="130028479200000000" />
<file name="btnCustomRichMedia.png" server="staging.flycommunications.com//amexpub_dev/" local="130022242750000000" remote="130028479200000000" />
<file name="hdrWebSubNav.png" server="staging.flycommunications.com//amexpub_dev/" local="130023267090000000" remote="130028479200000000" />
<file name="btnsMediaTargeting.png" server="staging.flycommunications.com//amexpub_dev/" local="130022241870000000" remote="130028479200000000" />
<file name="imgWebLanding.png" server="staging.flycommunications.com//amexpub_dev/" local="130023267090000000" remote="130028479200000000" />
<file name="btnsContacts.png" server="staging.flycommunications.com//amexpub_dev/" local="130022243610000000" remote="130028479200000000" />
<file name="hdrWebAudience.png" server="staging.flycommunications.com//amexpub_dev/" local="130023348030000000" remote="130028479200000000" />
<file name="hdrWebCustomRichMedia.png" server="staging.flycommunications.com//amexpub_dev/" local="130026712290000000" remote="130028479200000000" />
<file name="hdrWebMediaTargeting.png" server="staging.flycommunications.com//amexpub_dev/" local="130023979820000000" remote="130028479200000000" />
<file name="hdrWebContacts.png" server="staging.flycommunications.com//amexpub_dev/" local="130023986920000000" remote="130028479200000000" />
<file name="btnPrintLeftNav.png" server="staging.flycommunications.com//amexpub_dev/" local="130027566070000000" remote="130028479200000000" />
<file name="btnsContactsTablet.png" server="staging.flycommunications.com//amexpub_dev/" local="130022250900000000" remote="130028479200000000" />
<file name="btnsAdSpecsRates.png" server="staging.flycommunications.com//amexpub_dev/" local="130022250100000000" remote="130028479200000000" />
<file name="btnsDevicesPublicationPolicy.png" server="staging.flycommunications.com//amexpub_dev/" local="130022249630000000" remote="130028479200000000" />
<file name="btnsDevicesPublicationPolicyTablet.png" server="staging.flycommunications.com//amexpub_dev/" local="130022249630000000" remote="130028479200000000" />
<file name="btnsPubClosingDatesTablet.png" server="staging.flycommunications.com//amexpub_dev/" local="130022252380000000" remote="130028479200000000" />
<file name="btnsPubClosingDates.png" server="staging.flycommunications.com//amexpub_dev/" local="130022252380000000" remote="130028479200000000" />
<file name="hdrTabletSubNav.png" server="staging.flycommunications.com//amexpub_dev/" local="130027369060000000" remote="130028479200000000" />
<file name="btnsAdSpecsRatesTablet.png" server="staging.flycommunications.com//amexpub_dev/" local="130022250100000000" remote="130028479200000000" />
<file name="imgTabletLanding.png" server="staging.flycommunications.com//amexpub_dev/" local="130027392870000000" remote="130028479200000000" />
<file name="hdrAdSpecs+RatesTablet.png" server="staging.flycommunications.com//amexpub_dev/" local="130027401320000000" remote="130028479200000000" />
<file name="hdrPublicationClosingDatesTablet.png" server="staging.flycommunications.com//amexpub_dev/" local="130027402870000000" remote="130028479200000000" />
</dwsync>